,Status of existing checking account,Duration,Credit history,Purpose,Credit amount,Savings account/bonds,Present employment since,Installment rate in percentage of disposable income,Personal status and sex,Other debtors / guarantors,Present residence since,Property,Age,Other installment plans,Housing,Number of existing credits at this bank,Job,Number of people being liable to provide maintenance for,Telephone,foreign worker
4,A11,24,A33,A40,4870,A61,A73,3,A93,A101,4,A124,53,A143,A153,2,A173,2,A191,A201
13,A11,24,A34,A40,1199,A61,A75,4,A93,A101,4,A123,60,A143,A152,2,A172,1,A191,A201
16,A14,24,A34,A43,2424,A65,A75,4,A93,A101,4,A122,53,A143,A152,2,A173,1,A191,A201
24,A14,10,A34,A42,2069,A65,A73,2,A94,A101,1,A123,26,A143,A152,2,A173,1,A191,A202
25,A11,6,A32,A42,1374,A61,A73,1,A93,A101,2,A121,36,A141,A152,1,A172,1,A192,A201
29,A11,60,A33,A49,6836,A61,A75,3,A93,A101,4,A124,63,A143,A152,2,A173,1,A192,A201
33,A14,12,A34,A49,1264,A65,A75,4,A93,A101,4,A124,57,A143,A151,1,A172,1,A191,A201
44,A11,48,A34,A41,6143,A61,A75,4,A92,A101,4,A124,58,A142,A153,2,A172,1,A191,A201
59,A11,36,A34,A42,6229,A61,A72,4,A92,A102,4,A124,23,A143,A151,2,A172,1,A192,A201
61,A12,15,A34,A43,1537,A65,A75,4,A93,A103,4,A121,50,A143,A152,2,A173,1,A192,A201
67,A12,12,A32,A40,1007,A64,A73,4,A94,A101,1,A121,22,A143,A152,1,A173,1,A191,A201
69,A14,36,A32,A43,2394,A65,A73,4,A92,A101,4,A123,25,A143,A152,1,A173,1,A191,A201
73,A12,42,A34,A49,5954,A61,A74,2,A92,A101,1,A121,41,A141,A152,2,A172,1,A191,A201
83,A11,24,A32,A410,1755,A61,A75,4,A92,A103,4,A121,58,A143,A152,1,A172,1,A192,A201
88,A11,18,A32,A40,2249,A62,A74,4,A93,A101,3,A123,30,A143,A152,1,A174,2,A192,A201
93,A13,24,A34,A42,3617,A65,A75,4,A93,A102,4,A124,20,A143,A151,2,A173,1,A191,A201
106,A14,18,A31,A40,6458,A61,A75,2,A93,A101,4,A124,39,A141,A152,2,A174,2,A192,A201
110,A12,6,A33,A49,1449,A62,A75,1,A91,A101,2,A123,31,A141,A152,2,A173,2,A191,A201
111,A13,15,A32,A46,392,A61,A72,4,A92,A101,4,A122,23,A143,A151,1,A173,1,A192,A201
114,A11,12,A32,A43,1680,A63,A75,3,A94,A101,1,A121,35,A143,A152,1,A173,1,A191,A201
117,A11,10,A34,A42,2132,A65,A72,2,A92,A102,3,A121,27,A143,A151,2,A173,1,A191,A202
120,A11,21,A32,A43,1835,A61,A73,3,A92,A101,2,A121,25,A143,A152,2,A173,1,A192,A201
121,A14,24,A34,A41,3868,A61,A75,4,A92,A101,2,A123,41,A143,A151,2,A174,1,A192,A201
129,A11,12,A34,A40,3499,A61,A73,3,A92,A102,2,A121,29,A143,A152,2,A173,1,A191,A201
136,A14,27,A33,A41,8613,A64,A73,2,A93,A101,2,A123,27,A143,A152,2,A173,1,A191,A201
138,A12,15,A34,A43,2728,A65,A74,4,A93,A103,2,A121,35,A141,A152,3,A173,1,A192,A201
146,A11,6,A34,A40,860,A61,A75,1,A92,A101,4,A124,39,A143,A152,2,A173,1,A192,A201
149,A14,18,A34,A43,1582,A64,A75,4,A93,A101,4,A123,46,A143,A152,2,A173,1,A191,A201
160,A14,24,A34,A43,2872,A62,A75,3,A93,A101,4,A121,36,A143,A152,1,A173,2,A192,A201
163,A12,10,A32,A40,7308,A61,A71,2,A93,A101,4,A124,70,A141,A153,1,A174,1,A192,A201
164,A14,36,A32,A40,909,A63,A75,4,A93,A101,4,A122,36,A143,A152,1,A173,1,A191,A201
166,A11,18,A32,A42,1131,A61,A71,4,A92,A101,2,A123,33,A143,A152,1,A173,1,A191,A201
168,A14,24,A32,A42,3972,A61,A74,2,A92,A101,4,A122,25,A143,A151,1,A173,1,A192,A201
176,A11,12,A32,A42,2577,A61,A73,2,A91,A101,1,A123,42,A143,A152,1,A173,1,A191,A201
189,A12,18,A30,A42,3244,A61,A73,1,A92,A101,4,A123,33,A141,A152,2,A173,1,A192,A201
191,A12,48,A30,A49,3844,A62,A74,4,A93,A101,4,A124,34,A143,A153,1,A172,2,A191,A201
195,A12,9,A34,A46,1501,A61,A75,2,A92,A101,3,A123,34,A143,A152,2,A174,1,A192,A201
199,A12,18,A33,A42,4297,A61,A75,4,A91,A101,3,A124,40,A143,A152,1,A174,1,A192,A201
207,A12,12,A34,A44,1424,A61,A74,4,A93,A101,3,A122,26,A143,A152,1,A173,1,A191,A201
212,A11,27,A30,A49,5293,A61,A71,2,A93,A101,4,A122,50,A142,A152,2,A173,1,A192,A201
216,A11,18,A30,A49,3104,A61,A74,3,A93,A101,1,A122,31,A141,A152,1,A173,1,A192,A201
217,A13,36,A32,A43,3913,A61,A73,2,A93,A101,2,A121,23,A143,A152,1,A173,1,A192,A201
219,A14,10,A32,A40,1364,A61,A73,2,A92,A101,4,A123,64,A143,A152,1,A173,1,A192,A201
221,A11,12,A32,A46,1200,A65,A73,4,A92,A101,4,A122,23,A141,A151,1,A173,1,A192,A201
228,A14,9,A32,A43,1478,A61,A74,4,A93,A101,2,A123,22,A143,A152,1,A173,1,A191,A201
232,A14,12,A32,A43,2141,A62,A74,3,A93,A101,1,A124,35,A143,A152,1,A173,1,A191,A201
234,A14,4,A34,A43,1544,A61,A74,2,A93,A101,1,A121,42,A143,A152,3,A172,2,A191,A201
254,A12,9,A32,A42,2030,A65,A74,2,A93,A101,1,A123,24,A143,A152,1,A173,1,A192,A201
274,A11,30,A32,A45,11998,A61,A72,1,A91,A101,1,A124,34,A143,A152,1,A172,1,A192,A201
276,A14,18,A34,A43,2404,A61,A73,2,A92,A101,2,A123,26,A143,A152,2,A173,1,A191,A201
281,A14,12,A32,A42,1574,A61,A73,4,A93,A101,2,A121,50,A143,A152,1,A173,1,A191,A201
282,A13,18,A31,A43,1445,A65,A74,4,A93,A101,4,A123,49,A141,A152,1,A172,1,A191,A201
284,A12,24,A34,A40,3878,A62,A72,4,A91,A101,2,A123,37,A143,A152,1,A173,1,A192,A201
287,A12,48,A33,A410,7582,A62,A71,2,A93,A101,4,A124,31,A143,A153,1,A174,1,A192,A201
289,A11,24,A33,A43,1024,A61,A72,4,A94,A101,4,A121,48,A142,A152,1,A173,1,A191,A201
290,A14,12,A32,A49,1076,A61,A73,2,A94,A101,2,A121,26,A143,A152,1,A173,1,A192,A202
297,A14,10,A32,A40,1287,A65,A75,4,A93,A102,2,A122,45,A143,A152,1,A172,1,A191,A202
300,A14,6,A32,A40,672,A61,A71,1,A92,A101,4,A121,54,A143,A152,1,A171,1,A192,A201
322,A11,24,A32,A41,2910,A61,A74,2,A93,A101,1,A124,34,A143,A153,1,A174,1,A192,A201
326,A14,12,A34,A42,5801,A65,A75,2,A93,A101,4,A122,49,A143,A151,1,A173,1,A192,A201
329,A12,6,A32,A43,1068,A61,A75,4,A93,A101,4,A123,28,A143,A152,1,A173,2,A191,A201
336,A12,13,A32,A43,2101,A61,A72,2,A92,A103,4,A122,23,A143,A152,1,A172,1,A191,A201
340,A12,24,A34,A46,5743,A61,A72,2,A92,A101,4,A124,24,A143,A153,2,A173,1,A192,A201
341,A11,21,A32,A42,3599,A61,A74,1,A92,A101,4,A123,26,A143,A151,1,A172,1,A191,A201
347,A12,24,A32,A43,3758,A63,A71,1,A92,A101,4,A124,23,A143,A151,1,A171,1,A191,A201
348,A14,6,A33,A49,1743,A62,A73,1,A93,A101,2,A121,34,A143,A152,2,A172,1,A191,A201
349,A12,9,A34,A46,1136,A64,A75,4,A93,A101,3,A124,32,A143,A153,2,A173,2,A191,A201
357,A14,36,A33,A43,4463,A61,A73,4,A93,A101,2,A123,26,A143,A152,2,A174,1,A192,A201
376,A14,18,A33,A43,2320,A61,A71,2,A94,A101,3,A121,34,A143,A152,2,A173,1,A191,A201
381,A12,18,A32,A41,12976,A61,A71,3,A92,A101,4,A124,38,A143,A153,1,A174,1,A192,A201
393,A11,6,A34,A43,1957,A61,A74,1,A92,A101,4,A123,31,A143,A152,1,A173,1,A191,A201
394,A14,9,A34,A42,2406,A61,A71,2,A93,A101,3,A123,31,A143,A152,1,A174,1,A191,A201
405,A12,24,A32,A43,2039,A61,A72,1,A94,A101,1,A122,22,A143,A152,1,A173,1,A192,A201
414,A11,24,A32,A40,1381,A65,A73,4,A92,A101,2,A122,35,A143,A152,1,A173,1,A191,A201
421,A12,12,A32,A41,2028,A65,A73,4,A93,A101,2,A123,30,A143,A152,1,A173,1,A191,A201
426,A14,28,A34,A43,2743,A61,A75,4,A93,A101,2,A123,29,A143,A152,2,A173,1,A191,A201
429,A11,18,A34,A45,1190,A61,A71,2,A92,A101,4,A124,55,A143,A153,3,A171,2,A191,A201
433,A14,24,A34,A45,2058,A61,A73,4,A91,A101,2,A121,33,A143,A152,2,A173,1,A192,A201
437,A14,24,A34,A40,1287,A64,A75,4,A92,A101,4,A121,37,A143,A152,2,A173,1,A192,A201
438,A11,42,A34,A45,3394,A61,A71,4,A93,A102,4,A123,65,A143,A152,2,A171,1,A191,A201
445,A14,9,A34,A46,1244,A65,A75,4,A92,A101,4,A122,41,A143,A151,2,A172,1,A191,A201
446,A11,36,A32,A40,1842,A61,A72,4,A92,A101,4,A123,34,A143,A152,1,A173,1,A192,A201
449,A12,15,A33,A45,1512,A64,A73,3,A94,A101,3,A122,61,A142,A152,2,A173,1,A191,A201
455,A14,24,A32,A41,2679,A61,A72,4,A92,A101,1,A124,29,A143,A152,1,A174,1,A192,A201
463,A12,12,A32,A48,754,A65,A75,4,A93,A101,4,A122,38,A143,A152,2,A173,1,A191,A201
464,A14,18,A32,A49,1950,A61,A74,4,A93,A101,1,A123,34,A142,A152,2,A173,1,A192,A201
469,A14,24,A33,A41,4679,A61,A74,3,A93,A101,3,A123,35,A143,A152,2,A172,1,A192,A201
470,A12,24,A32,A43,3092,A62,A72,3,A94,A101,2,A123,22,A143,A151,1,A173,1,A192,A201
480,A12,12,A34,A43,3573,A61,A73,1,A92,A101,1,A121,23,A143,A152,1,A172,1,A191,A201
490,A14,12,A34,A43,1934,A61,A75,2,A93,A101,2,A124,26,A143,A152,2,A173,1,A191,A201
498,A12,18,A32,A43,1301,A61,A75,4,A94,A103,2,A121,32,A143,A152,1,A172,1,A191,A201
504,A11,24,A32,A40,1207,A61,A72,4,A92,A101,4,A122,24,A143,A151,1,A173,1,A191,A201
507,A12,15,A31,A40,6850,A62,A71,1,A93,A101,2,A122,34,A143,A152,1,A174,2,A192,A201
508,A14,24,A32,A43,1413,A61,A73,4,A94,A101,2,A122,28,A143,A152,1,A173,1,A191,A201
509,A14,39,A32,A41,8588,A62,A75,4,A93,A101,2,A123,45,A143,A152,1,A174,1,A192,A201
514,A14,24,A32,A40,2255,A65,A72,4,A93,A101,1,A122,54,A143,A152,1,A173,1,A191,A201
517,A14,36,A34,A42,7127,A61,A72,2,A92,A101,4,A122,23,A143,A151,2,A173,1,A192,A201
525,A12,26,A32,A41,7966,A61,A72,2,A93,A101,3,A123,30,A143,A152,2,A173,1,A191,A201
534,A14,24,A32,A43,3105,A65,A72,4,A93,A101,2,A123,25,A143,A152,2,A173,1,A191,A201
536,A11,6,A32,A40,1374,A65,A71,4,A92,A101,3,A122,75,A143,A152,1,A174,1,A192,A201
539,A13,18,A32,A42,3049,A61,A72,1,A92,A101,1,A122,45,A142,A152,1,A172,1,A191,A201
540,A12,12,A32,A43,1534,A61,A72,1,A94,A101,1,A121,23,A143,A151,1,A173,1,A191,A201
541,A14,24,A33,A40,2032,A61,A75,4,A93,A101,4,A124,60,A143,A153,2,A173,1,A192,A201
547,A14,24,A32,A43,1552,A61,A74,3,A93,A101,1,A123,32,A141,A152,1,A173,2,A191,A201
552,A11,48,A32,A43,6999,A61,A74,1,A94,A103,1,A121,34,A143,A152,2,A173,1,A192,A201
556,A12,18,A30,A40,2278,A62,A72,3,A92,A101,3,A123,28,A143,A152,2,A173,1,A191,A201
563,A12,36,A32,A40,12389,A65,A73,1,A93,A101,4,A124,37,A143,A153,1,A173,1,A192,A201
570,A11,24,A32,A42,3234,A61,A72,4,A92,A101,4,A121,23,A143,A151,1,A172,1,A192,A201
573,A11,15,A32,A49,806,A61,A73,4,A92,A101,4,A122,22,A143,A152,1,A172,1,A191,A201
575,A14,15,A34,A42,2788,A61,A74,2,A92,A102,3,A123,24,A141,A152,2,A173,1,A191,A201
579,A14,24,A32,A48,937,A61,A72,4,A94,A101,3,A123,27,A143,A152,2,A172,1,A191,A201
584,A14,12,A32,A40,2133,A65,A75,4,A92,A101,4,A124,52,A143,A153,1,A174,1,A192,A201
586,A11,9,A34,A40,2799,A61,A73,2,A93,A101,2,A121,36,A143,A151,2,A173,2,A191,A201
591,A12,24,A33,A40,1965,A65,A73,4,A92,A101,4,A123,42,A143,A151,2,A173,1,A192,A201
593,A12,24,A32,A40,2718,A61,A73,3,A92,A101,4,A122,20,A143,A151,1,A172,1,A192,A201
595,A12,6,A31,A40,931,A62,A72,1,A92,A101,1,A122,32,A142,A152,1,A172,1,A191,A201
616,A12,60,A33,A43,9157,A65,A73,2,A93,A101,2,A124,27,A143,A153,1,A174,1,A191,A201
623,A11,12,A32,A42,1858,A61,A72,4,A92,A101,1,A123,22,A143,A151,1,A173,1,A191,A201
628,A14,42,A34,A42,4042,A63,A73,4,A93,A101,4,A121,36,A143,A152,2,A173,1,A192,A201
645,A14,36,A33,A49,7980,A65,A72,4,A93,A101,4,A123,27,A143,A151,2,A173,1,A192,A201
649,A11,12,A32,A46,684,A61,A73,4,A93,A101,4,A123,40,A143,A151,1,A172,2,A191,A201
651,A12,12,A32,A42,1922,A61,A73,4,A93,A101,2,A122,37,A143,A152,1,A172,1,A191,A201
655,A11,14,A32,A40,3973,A61,A71,1,A93,A101,4,A124,22,A143,A153,1,A173,1,A191,A201
657,A14,48,A32,A43,10222,A65,A74,4,A93,A101,3,A123,37,A142,A152,1,A173,1,A192,A201
662,A14,21,A32,A42,2241,A61,A75,4,A93,A101,2,A121,50,A143,A152,2,A173,1,A191,A201
663,A12,6,A33,A42,1050,A61,A71,4,A93,A101,1,A122,35,A142,A152,2,A174,1,A192,A201
665,A14,24,A34,A410,6314,A61,A71,4,A93,A102,2,A124,27,A141,A152,2,A174,1,A192,A201
668,A11,12,A34,A40,4843,A61,A75,3,A93,A102,4,A122,43,A143,A151,2,A173,1,A192,A201
669,A13,30,A34,A43,3017,A61,A75,4,A93,A101,4,A122,47,A143,A152,1,A173,1,A191,A201
673,A14,6,A34,A40,2080,A63,A73,1,A94,A101,2,A123,24,A143,A152,1,A173,1,A191,A201
674,A14,21,A33,A49,2580,A63,A72,4,A93,A101,2,A121,41,A141,A152,1,A172,2,A191,A201
678,A11,24,A32,A43,2384,A61,A75,4,A93,A101,4,A121,64,A141,A151,1,A172,1,A191,A201
682,A14,15,A33,A43,1478,A61,A73,4,A94,A101,3,A121,33,A141,A152,2,A173,1,A191,A201
686,A13,10,A34,A43,1347,A65,A74,4,A93,A101,2,A122,27,A143,A152,2,A173,1,A192,A201
694,A14,24,A32,A43,2284,A61,A74,4,A93,A101,2,A123,28,A143,A152,1,A173,1,A192,A201
701,A11,48,A34,A41,6331,A61,A75,4,A93,A101,4,A124,46,A143,A153,2,A173,1,A192,A201
703,A12,30,A33,A49,2503,A62,A75,4,A93,A101,2,A122,41,A142,A152,2,A173,1,A191,A201
712,A14,21,A32,A41,2476,A65,A75,4,A93,A101,4,A121,46,A143,A152,1,A174,1,A192,A201
715,A14,30,A34,A41,7596,A65,A75,1,A93,A101,4,A123,63,A143,A152,2,A173,1,A191,A201
716,A14,30,A34,A43,3077,A65,A75,3,A93,A101,2,A123,40,A143,A152,2,A173,2,A192,A201
720,A13,9,A30,A43,1337,A61,A72,4,A93,A101,2,A123,34,A143,A152,2,A174,1,A192,A201
726,A14,15,A34,A43,1316,A63,A73,2,A94,A101,2,A122,47,A143,A152,2,A172,1,A191,A201
727,A11,18,A32,A43,1882,A61,A73,4,A92,A101,4,A123,25,A141,A151,2,A173,1,A191,A201
728,A12,48,A31,A49,6416,A61,A75,4,A92,A101,3,A124,59,A143,A151,1,A173,1,A191,A201
730,A12,24,A33,A43,6403,A61,A72,1,A93,A101,2,A123,33,A143,A152,1,A173,1,A191,A201
735,A12,36,A31,A44,3990,A65,A72,3,A92,A101,2,A124,29,A141,A152,1,A171,1,A191,A201
743,A11,24,A31,A42,2483,A63,A73,4,A93,A101,4,A121,22,A142,A152,1,A173,1,A192,A201
744,A11,39,A34,A42,14179,A65,A74,4,A93,A101,4,A122,30,A143,A152,2,A174,1,A192,A201
747,A11,12,A32,A40,1274,A61,A72,3,A92,A101,1,A121,37,A143,A152,1,A172,1,A191,A201
764,A14,24,A34,A40,2463,A62,A74,4,A94,A101,3,A122,27,A143,A152,2,A173,1,A192,A201
771,A11,36,A34,A46,8065,A61,A73,3,A92,A101,2,A124,25,A143,A152,2,A174,1,A192,A201
772,A14,21,A34,A41,3275,A61,A75,1,A93,A101,4,A123,36,A143,A152,1,A174,1,A192,A201
776,A14,36,A34,A40,3535,A61,A74,4,A93,A101,4,A123,37,A143,A152,2,A173,1,A192,A201
787,A14,48,A34,A41,2751,A65,A75,4,A93,A101,3,A123,38,A143,A152,2,A173,2,A192,A201
793,A13,24,A32,A42,2892,A61,A75,3,A91,A101,4,A124,51,A143,A153,1,A173,1,A191,A201
800,A14,24,A34,A46,1597,A61,A75,4,A93,A101,4,A124,54,A143,A153,2,A173,2,A191,A201
807,A14,12,A34,A43,930,A65,A75,4,A93,A101,4,A121,65,A143,A152,4,A173,1,A191,A201
810,A12,8,A32,A49,907,A61,A72,3,A94,A101,2,A121,26,A143,A152,1,A173,1,A192,A201
821,A13,12,A32,A43,3016,A61,A73,3,A94,A101,1,A123,24,A143,A152,1,A173,1,A191,A201
824,A14,18,A34,A42,3780,A61,A72,3,A91,A101,2,A123,35,A143,A152,2,A174,1,A192,A201
828,A11,36,A32,A41,8335,A65,A75,3,A93,A101,4,A124,47,A143,A153,1,A173,1,A191,A201
833,A12,24,A32,A43,5084,A65,A75,2,A92,A101,4,A123,42,A143,A152,1,A173,1,A192,A201
838,A11,24,A34,A41,2957,A61,A75,4,A93,A101,4,A122,63,A143,A152,2,A173,1,A192,A201
839,A14,24,A34,A43,2611,A61,A75,4,A94,A102,3,A121,46,A143,A152,2,A173,1,A191,A201
840,A11,36,A32,A42,5179,A61,A74,4,A93,A101,2,A122,29,A143,A152,1,A173,1,A191,A201
842,A14,18,A32,A45,1943,A61,A72,4,A92,A101,4,A121,23,A143,A152,1,A173,1,A191,A201
843,A14,24,A31,A49,1559,A61,A74,4,A93,A101,4,A123,50,A141,A152,1,A173,1,A192,A201
854,A14,36,A33,A40,10875,A61,A75,2,A93,A101,2,A123,45,A143,A152,2,A173,2,A192,A201
866,A11,18,A32,A43,2389,A61,A72,4,A92,A101,1,A123,27,A142,A152,1,A173,1,A191,A201
871,A13,6,A34,A40,1343,A61,A75,1,A93,A101,4,A121,46,A143,A152,2,A173,2,A191,A202
879,A14,30,A34,A43,6742,A65,A74,2,A93,A101,3,A122,36,A143,A152,2,A173,1,A191,A201
880,A14,24,A32,A41,7814,A61,A74,3,A93,A101,3,A123,38,A143,A152,1,A174,1,A192,A201
881,A14,24,A32,A41,9277,A65,A73,2,A91,A101,4,A124,48,A143,A153,1,A173,1,A192,A201
889,A14,28,A31,A41,7824,A65,A72,3,A93,A103,4,A121,40,A141,A151,2,A173,2,A192,A201
890,A11,27,A34,A49,2442,A61,A75,4,A93,A101,4,A123,43,A142,A152,4,A174,2,A192,A201
893,A12,36,A34,A41,5800,A61,A73,3,A93,A101,4,A123,34,A143,A152,2,A173,1,A192,A201
900,A11,16,A34,A40,2625,A61,A75,2,A93,A103,4,A122,43,A141,A151,1,A173,1,A192,A201
903,A14,15,A32,A43,1386,A65,A73,4,A94,A101,2,A121,40,A143,A151,1,A173,1,A192,A201
911,A12,24,A34,A42,4736,A61,A72,2,A92,A101,4,A123,25,A141,A152,1,A172,1,A191,A201
914,A11,24,A31,A49,3161,A61,A73,4,A93,A101,2,A122,31,A143,A151,1,A173,1,A192,A201
917,A11,6,A32,A40,14896,A61,A75,1,A93,A101,4,A124,68,A141,A152,1,A174,1,A192,A201
925,A11,12,A31,A40,697,A61,A72,4,A93,A101,2,A123,46,A141,A152,2,A173,1,A192,A201
928,A14,30,A32,A43,1867,A65,A75,4,A93,A101,4,A123,58,A143,A152,1,A173,1,A192,A201
931,A12,9,A32,A43,1670,A61,A72,4,A92,A101,2,A123,22,A143,A152,1,A173,1,A192,A201
933,A14,12,A34,A43,522,A63,A75,4,A93,A101,4,A122,42,A143,A152,2,A173,2,A192,A201
937,A12,6,A32,A43,2063,A61,A72,4,A94,A101,3,A123,30,A143,A151,1,A174,1,A192,A201
941,A14,10,A32,A40,1546,A61,A73,3,A93,A101,2,A121,31,A143,A152,1,A172,2,A191,A202
953,A14,36,A32,A42,10974,A61,A71,4,A92,A101,2,A123,26,A143,A152,2,A174,1,A192,A201
954,A11,12,A32,A40,1893,A61,A73,4,A92,A103,4,A122,29,A143,A152,1,A173,1,A192,A201
955,A11,24,A34,A43,1231,A64,A75,4,A92,A101,4,A122,57,A143,A151,2,A174,1,A192,A201
965,A12,30,A32,A43,1715,A65,A73,4,A92,A101,1,A123,26,A143,A152,1,A173,1,A191,A201
968,A14,42,A32,A43,7166,A65,A74,2,A94,A101,4,A122,29,A143,A151,1,A173,1,A192,A201
972,A11,24,A31,A40,1193,A61,A71,1,A92,A102,4,A124,29,A143,A151,2,A171,1,A191,A201
973,A11,60,A32,A49,7297,A61,A75,4,A93,A102,4,A124,36,A143,A151,1,A173,1,A191,A201
974,A14,30,A34,A43,2831,A61,A73,4,A92,A101,2,A123,33,A143,A152,1,A173,1,A192,A201
977,A12,18,A33,A49,2427,A65,A75,4,A93,A101,2,A122,42,A143,A152,2,A173,1,A191,A201
978,A14,24,A33,A40,2538,A61,A75,4,A93,A101,4,A123,47,A143,A152,2,A172,2,A191,A201
981,A14,48,A32,A49,4844,A61,A71,3,A93,A101,2,A123,33,A141,A151,1,A174,1,A192,A201
994,A14,12,A32,A40,2390,A65,A75,4,A93,A101,3,A123,50,A143,A152,1,A173,1,A192,A201
995,A14,12,A32,A42,1736,A61,A74,3,A92,A101,4,A121,31,A143,A152,1,A172,1,A191,A201
